标题,开头,准备,穿搭,住宿,交通,注意,景点,预约,美食,行程,费用,结尾,标签,网址
6-8月计划去云南旅游🔇我的建议是,💯拜托姐妹们，近期有出行计划的要做好攻略才更好的出行哦㊙️这篇攻略刚刚好哦,,,,,,💗列一小部分热门景点🟩丽江古城门票：免费，开放时间：全天交通：4/18路至忠义市场🟩玉龙雪山门票：140+（包含牦牛坪＋云杉坪＋蓝月谷）开放时间：8:00-17：00交通：忠义市场附近公交站（票价15/人）🟩 泸沽湖门票：100开放时间：全天交通：大巴50/班车🟩大理古城门票：免费开放时间：全天交通：8路公交车🟩洱海门票：免费开放时间：全天交通：11路🟩滇池门票：免费开放时间：全天交通：24/44路🟩昆明老街门票：免费开放时间：全天交通：2/71路🟩崇圣寺三塔门票：75开放时间：7:00-19:00交通：19路,✅ 景点预约小tips🔸玉龙雪山：搜索“丽江玉龙雪山”，可以选套票🔸泸沽湖：gzh搜索“泸沽湖景区〞🔸野象谷：搜索 “版纳好行”🔸普达措国家公园：搜“普达措国家公园”🔸石林风景区：搜索“石林风景名胜区”🔸其他：搜索 “云南游“,✅云南特色美食😋昆明美食：老奶洋芋、汽锅鸡、过桥米线、豆花米线、官渡杷杷、宜良烤鸭、小锅米线😋大理美食：破酥杷杷、饵丝、三道茶、凉鸡米线、土八碗、烤饵块😋丽江美食：腊排骨、酥油茶、野生菌、黑山羊火锅、鸡豆凉粉，丽江耙杷、米灌肠、纳西烤肉😋香格里拉美食：楷耙，酥油茶，青秤酒、牺牛肉火锅，小炒牦牛肉😋西双版纳美食：舂鸡爪、包烧、芒果糯米饭、香茅草烤鱼、春鸡脚㊙️伴手礼：鲜花饼、宣威火腿、普洱茶、云南小粒咖啡、野生菌干货、药材、云南乳饼、云南白药等,✅行程建议（昆明-大理-丽江6日游）D1：各地一到昆明集合D2：昆明一石林一楚雄D3：大理古城一游轮游洱海一四人吉普车洱海游D4：白族村寨一束河古镇或者自沙古镇一拉市海D5：丽江一玉龙雪山一蓝月谷一白水河D6：昆明-回家,,💎tips：云南的景点之间离得较远，来回的交通也不方便，有出行计划的朋友，去云南可以找一个靠谱的当地团，6天包吃住包门票🎫那种，不用操心交通、行李等问题，很划算,#旅途中的美景#笔记灵感#云南旅游#云南旅行#云南旅游攻略#云南游#大理旅行#大理#丽江#昆明,https://www.xiaohongshu.com/explore/648682ca000000001300d95b
玉龙雪山攻略|📣6-8月来玉龙雪山的，避雷❗️,🌈刚从玉龙雪山下来熬夜整理了一份玉龙雪山避坑攻略✅准备6-8月来爬玉龙雪山的姐妹放心存下吧💞，超实用‼️,,,,,1⃣下雨天适合去玉龙雪山吗？近期进入雨季🌧，下雨天雪山上能见度低体验效果不会太好，并且阴天跟雨天蓝月谷的湖水就不那么蓝了，拍照不出片。所以出行前一定要查看天气预报，买票当天不幸遇到下雨一定要穿羽绒服‼️,2⃣关于玉龙雪山连环收费⚠️只要进入雪山景区内必买门票100元/人⚠️如要登雪山顶（4680）打卡，必买大索道票140元/人（包含往返大巴车票）⚠️上云杉坪要买云杉坪小索道60元/人，上牦牛坪要买牦牛坪中索道65元/人⚠️只到蓝月谷的只用出景区门票100元，不再额外收费,,,3⃣丽江-大理-香格里拉经典路线推荐⭕️D1:出发地—入住丽江⭕️D2:丽江—虎跳峡—彝族村寨观景台—松赞林寺—入住香格里拉⭕️D3:独克宗古城—前往大理—大理圣托里尼—喜洲古镇—入住大理⭕️D4:大理古城—陶然田舍—S湾公路—入住丽江⭕️D5:玉龙雪山—蓝月谷—丽江古城—入住丽江⭕️D6:回家啦,,✅tips：云南好玩的景点多，但各个景点很分散，准备来云南游玩的姐妹一定要提前做攻略，不擅长做攻略的的也可以找一个当地靠谱的纯玩团，吃住行一条龙，省心又省钱～,#玉龙雪山#玉龙雪山游玩攻略#玉龙雪山冰川公园大索道#丽江玉龙雪山#蓝月谷#云南游#旅游#丽江#丽江古城#云南旅行避雷#旅游攻略#避雷#攻略,https://www.xiaohongshu.com/explore/648851690000000013004090
也太会发朋友圈了吧😂,云南旅游👍风有约，花不误，春天出发云南去浪吧~,,,,,,,,,云南7天6晚第❶天：直飞丽江✈️，安排的免费接站，入住丽江古城客栈，下午就在古城逛逛，💙喝杯咖啡晒晒太阳，发发呆，拍套写真，看看夜景，晚上在小酒馆小酌一杯🍺..第❷天：出发玉龙雪山，从4506m徒步到4680m，☁️看白雪皑皑，看一场张艺谋导演的印象丽江，下午逛逛蓝月谷，散散步，下午返程丽江古城🔥..第❸❹天：丽江出发香格里拉，玩2天1夜，到虎跳峡看山洪，去纳帕海看海，成群的牛羊，低垂的云朵☁徒步走进普达措森林，聆听自然虫鸣鸟叫🍀，看山花盛开，听雨看云，晚上到独克宗古城逛逛，转动世界上最大的转金桶🤔..第❺天：听一首歌环洱海，看阳光穿过云层照在海面，到双廊看海喝一杯咖啡，👫喂海鸥散散步，到s湾骑行到花海放松身心，🌈傍晚看一场夕阳和日落，大理的时光很温柔☁️..第❻天：逛逛大理古城，听一首民谣，🔥品尝下大理街头的小吃，晚上找个清吧，听听音乐，放松灵魂在这里很自由，时光很慢，你完全可以做自己✌️..第❼天：返程回家从大理乘动车到昆明返程回家,费用💰小红书店铺👉@云南旅游策划师北北7天6晚小团1000+，含吃住行所有的费用✌️，大理丽江5天4晚2个人才要1000+💰，纯玩小团🔥,出发就是最有意义的事情,#出门过夏天#大理旅行#云南游#玉龙雪山#香格里拉#洱海#丽江古城#大理古城#丽江旅行#旅行随手拍,https://www.xiaohongshu.com/explore/64869d0c000000001203d163
云南新公示‖6-8月去云南旅游的姐妹存下吧,暑假计划去云南的女孩或者打算带父母小孩去云南的宝妈们‼️听我说‼️作为一个老云南，真的看不下去网上一堆没用的，都2023年了‼️还有人抄着以前的旅游攻略在发😤✅今天我把云南的一些最新旅游攻略和注意事项分享出来给姐妹们，希望大家少踩雷！能在云南玩得开心💓,,▣云南旅游6月-8月💓穿搭建议◈气温大概18℃-26℃左右 ，晴天和阴天为主，偶有雨，记得备伞嗷~◈穿搭：衬衫、连衣裙、丝绸披肩、短T恤、休闲裤、鲜艳长裙💟、薄外套、民族风穿搭记得配头饰。,,,注意事项◉云南属高原地区，气候干燥、紫外线敲强，一定要注意防晒注意保湿‼️◉各个城市的景点相隔很远，一定要合理安排好时间，旅游行程建议预留5-10天‼️不然玩不过来◉第一次来云南建议首站，落地昆明✅，昆明站/昆明长水机场◉暑假等节假日旺季要提前订好酒店，临时订价格贵很多不说还可能没有房！担心没房就抱个本地团✅（吃住行都含的，比较省心💓）◉玩昆明大理丽江的话，住宿不能固定，建议玩到哪住在哪，景点太远来回赶不现实‼️◉滇池，洱海和泸沽湖都有海鸥，但只有11月-3月这段时间来才可以看到，其他时间没有‼️,,,💓云南特色美食 过桥米线、豆花米线  鲜花饼、阿婆腊排骨、老奶洋芋   野生菌火锅、牦牛火锅、水性杨花、汽锅鸡,🉑云南旅游六日游路线推荐◈D1：建议中午到昆明→入住酒店→自由行老街/滇池◈D2：石林→石林景区→楚雄◈D3：大理洱海→敞篷吉普车旅拍→私人游艇→住大理◈D4：大理古城→拉市海→丽江古城→住丽江◈D5：玉龙雪山→冰川大索道→蓝月谷→双廊◈D6：送机-回家啦,✅游玩建议：第一次去云南旅游，建议提前抱个【靠谱本地团】‼️如上↑比较自由轻松的六日游本地行程团大概1400💰每人，来回机票自己买好，有24小时接送机✈️，包吃还有五晚酒店🏨（酒店含早餐），景点门票和出行接送也都含。,有关云南旅游问题或问本地团的话💡后台留言叭✅,#云南旅游必打卡景点#云南旅游#昆明美食#大理美食#丽江美食#云南旅游攻略,https://www.xiaohongshu.com/explore/64870bc900000000130161af
云南旅游攻略♥暑假看看这篇保姆级攻略吧！,🙋暑假计划去云南旅游的姐妹们👯‍♀，这份保姆级云南旅游攻略涵盖了云南景点介绍、云南交通、住宿、美食、注意事项、路线推荐等，图片内容仔细阅读📋想去的姐妹们建议收藏好，随时可以出发,,,,✈✈云南抵达交通🔹昆明：昆明长水机场、昆明站🔸丽江：丽江三义机场、丽江站🔹大理：大理荒草坝机场、大理站🔸香格里拉：迪庆香格里拉机场、香格里拉汽车站🔹西双版纳：西双版纳洒国际机场,,🏖 🏖必玩景点打卡⭕大理：大理古城、洱海⭕丽江：丽江古城、玉龙雪山、蓝月谷、泸沽湖⭕昆明：滇池、昆明老街、石林景区⭕香格里拉：松赞林寺、虎跳峡⭕西双版纳：野象谷、曼听公园、星光夜市,,🥘云南打卡美食🥄昆明美食：汽锅鸡、小锅米线、包浆豆腐、过桥米线🥄大理美食：饵丝、凉鸡米线、乳扇、大理石锅鱼、三道茶🥄丽江美食：鸡豆凉粉、酥油茶、野生菌、黑山羊、米罐肠🥄香格里拉美食：香格里拉裕粑、迪庆坨坨肉、奶渣、青稞酒、耗牛酸奶🥄西双版纳美食：菠萝紫米饭、香茅草烤鱼、春鸡脚、手抓饭,♥云南旅游经典路线：📍Day1:出发云南➡昆明➡昆明老街📍Day2:昆明➡石林景区📍Day3:洱海➡大理花海➡南诏风情岛➡大理古城📍Day4:拉市海➡丽水金沙➡丽江古城📍Day5:束河古镇➡玉龙雪山➡蓝月谷（冰川公园大索道+蓝月谷）📍Day6:回家啦,⚠tips：来过云南旅游的朋友就知道云南的景点比较分散，而且距离远，建议计划去云南旅游的小伙伴可以跟个当地团，上面6日旅游线路的当地团，人均大概1300左右，吃住行门票都包含，非常划算,最后㊗大家云南之旅玩的愉快哦！,#云南旅游攻略#云南#云南交通#昆明#大理#丽江#香格里拉#西双版纳,https://www.xiaohongshu.com/explore/6487dae5000000001203f9ee
大理亲子游 踩大雷了家人们,毫无疑问 这是一篇避雷贴 带娃8天7晚 不来也后悔 来了也后悔～.以下的体验都是真真实实的感受 商家勿来杠 杠就是你对.打🖤的是避雷的 彩虹农场真的一生黑 体验感差到极致💛评价居中的❤️体验感是z好的～.入住的酒店 吃饭 所有图片都是无滤镜的实拍主打一个真实,,,,,,,,,我们的行程：（酒店民宿是唯一没踩雷的）Day1: 入住大理梨花沁园度假客栈📍古城▫️古城进去没有门票  城楼也是免费上楼▫️大理滴滴很方便▫️大理古城东西贵 买东西去集市买▫️古城里面很吵很热闹▫️买贵或被骗了可以下载游云南 可以进行投诉 诉求很快会被处理▫️古城里挑着担子的水果不要买▫️小黄车乱要价 普遍比滴滴贵▫️不是明码标价的东西可还价▫️切开的水果一定别买！▫️要穿舒服的鞋子逛古城 石板路真的费劲▫️租电动车可以砍价▫️银饰不要买了 大理古城的基本都是假的▫️古城饭店拍满照片的店建议别去 多数味道不咋的▫️鲜花饼要买现烤的▫️编辫子一定一定要提前讲好价 按个数收费的▫️.Day2: 入住大理憬悦美季海景民宿📍大理古城北门菜市场▫️鲜花找路边阿姨买 5-6块/把 有人居然能砍价10块钱三把 🐮门口的店要10/把▫️草编包要对半砍价 再一点点加价▫️水果越往里面越便宜▫️好多好吃的小吃都在北门菜市场.📍文笔村▫️彩色公路有点褪色了 站在路边拍照一定要注意宝宝的安全 很多车辆▫️山上咖啡厅很多 可观日落海景▫️这一带很多都是拍婚纱照的.Day3:入住大理双廊沐水海景客栈📍双廊海街（定位船渡码头 往北至玉几岛入口 往南至渔文化广场）▫️双廊古镇很商业化 不是文艺的小店 走完会很累 太大了▫️有的店铺穿出去就能看见海 拍照还可以▫️写真很多 踩雷的也多 注意辨别▫️建议电动车游一下就行了～双廊古镇其实很普通 去不去都无所谓.Day4: 入住大理和柒美宿📍摘蓝莓📍路极主题公园📍兴盛大桥.Day5:入住及坞庭院📍素方舟📍彩虹农场.Day6:入住To fantasy民宿📍云禾壹📍水花庄园.Day7:入住To fantasy民宿📍红豆杉📍良道有机农场.Day8:大理✈️广州回家,,大理自然条件真的很不错 虽然很晒但没出过汗 但别对游学和某些农场期望太大！本来想旅居一个月 还是被劝退啦,,https://www.xiaohongshu.com/explore/6487106f0000000013008459
云南旅游玩了18天，花了0.2w💰，攻略分享,🙏请大数据推给要去云南旅游的姐妹👭💯超详细的云南旅游攻略来啦，准备去云南旅行的宝子，码住随时玩~🏖不会规划路线的朋友，可以参考笔记下方的旅游路线哦！,,,,,,,,,🌟云南10天9晚之旅🌟·Day 1-2:昆明我们将抵达昆明，这座充满活力的城市。在这里，我们可以游览石林、滇池等著名景点，感受云南的独特魅力。晚上，我们可以品尝地道的过桥米线，享受美食之旅的开始！🍜·Day 3-4:大理从昆明出发，我们前往大理古城。这里有许多古老的建筑和美丽的洱海，让我们沉浸在历史的氛围中。此外，还可以游览崇圣寺三塔、苍山等景点。晚上，我们在大理古城品尝特色小吃，感受当地的夜生活。🕰·Day 5-6:丽江接下来，我们将前往丽江古城。这里是世界文化遗产地，拥有独特的纳西族文化。在丽江，我们可以游览玉龙雪山、束河古镇等景点，还可以品尝酸辣粉、酸奶等美食。🏞·Day 7-8:香格里拉从丽江出发，我们前往香格里拉。这里有神秘的藏传佛教寺庙、壮丽的梅里雪山等景点。在香格里拉，我们可以体验藏族民俗文化，品尝藏式火锅、酥油茶等美食。🙏·Day 9:香格里拉-昆明最后一天我们将返回昆明。在回家的路上，我们可以欣赏美丽的风景，回忆这难忘的旅程。晚上，我们在昆明品尝云南特色的烧烤和小吃，结束这次美好的旅行！😊,,🙋‍♀更多云南旅游资讯&天数&路线相关欢迎打扰！,#云南旅游#云南旅游攻略#云南旅游推荐#云南旅行#云南#暑假去哪儿玩#云南跟团游#云南纯玩小包团,https://www.xiaohongshu.com/explore/6487bfd4000000001203fd2f
女孩子第一次来云南必看的干货攻略！✅,“暑假”就要来啦！大家准备好出发云南了吗？哪些不容错过的美食？为了让大家快乐的吃喝玩乐，特地整理了这份超全的“暑期”游云南攻略,出行准备★证件类：身份证、驾驶证、优惠类证件(学生证、军官证)、小孩带户口本★衣物类：提前查好天气，带适合自己的衣服即可，鞋子一定要平底鞋(高跟鞋不方便旅游)、毛巾、拖鞋★防晒类：墨镜、宽檐帽、晴雨伞、冰袖、高倍防晒霜、防晒喷雾、防晒衣★药品类：肠胃药、驱蚊水、创可贴、晕车药、特殊人群必备药(出门 在外，有备无患)★电器类：相机、充电宝、充电器、、数据线、耳机、自拍杆★其他：洗护用品、化妆品、护肤品、口罩、消毒湿巾,,住宿选择[一R]大理：大理古城、双廊古镇或者洱海边，去景点都很方便[二R]昆明：翠湖公园／老街，吃住行方便，消费不高[三R]丽江：建议住大研古城内，但想安静实惠可选城门口[四R]泸沽湖：喜欢热闹可住大落水，喜欢安静就住里格半岛[五R]香格里拉：住古城比较方便，吃住行都很方便，热闹[六R]西双版纳：住告庄西双景／泼水广场，逛街吃喝方便,,,,,,8天行程✅D1	第一天：到达昆明，自由行✅D2	第二天：昆明→石林风景区→楚雄✅D3	第三天：楚雄→大理→花海美拍+天空之镜→JEEP车洱海旅拍→游船洱海→入住大理✅D4	第四天：大理古城→玉龙雪山→丽江古城→入住丽江✅D5	第五天：茶马古镇→茶马古道→飞版纳✅D6	第六天：野象谷→入住版纳✅D7	第七天：傣族村寨→原始森林公园→飞机回昆明→入住昆明✅D8	第八天：返程,,⚠️tips：tips：云南面积大，景点多，但景点之间距离比较远，如果觉得做攻略麻烦，耗时间精力，可以找一个靠谱的当地团，不用操心吃住和门票，只管玩就可以了，省时省心！出行准备,#云南#旅游攻略#云南旅游攻略#云南旅游#大理旅行#大理#丽江#云南美食,https://www.xiaohongshu.com/explore/648865df000000001301423a
云南旅游|6-8月去云南旅游的，避雷,云南旅游，用❤整理的云南旅游攻略，计划6-8月来云南的姐妹👭收藏起来慢慢看哦✔,,,,✈如何到达云南1⃣如果首选是昆明，飞机直达昆明长水机场，机场大巴、出租车、滴滴都可到昆明市区2⃣如果首选丽江，飞机直达丽江机场，可选择机场大巴、出租车、滴滴等到丽江古城闹市区💖Tips： 第一站建议落地昆明，机票更便宜、航班更多；而且昆明作为云南各地的交通枢纽站，转车非常便利,⚠注意事项⚠⭕环洱海不要选自行车小电驴，真的太晒了⭕防晒！防晒！防晒！⭕做好保湿，云南气候比较干燥⭕每天敷面膜！⭕带多一件外套，大理和丽江早晚很凉⭕自带一点点干粮或饮料，以防饿,,,🍜必吃美食💕昆明：老奶洋芋、汽锅鸡、过桥米线、豆花米线、官渡粑粑💕大理：破酥靶、洱丝、三道茶、凉鸡米线、白族土八碗、乳扇、大理砂锅鱼💕丽江：酥油茶、野生菌、鸡豆凉粉💕西双版纳：傣家糯米饭、菠萝紫米饭、手抓饭、春鸡脚💕香格里拉：米米，酥油茶，青棵酒、青棵饼、牦牛肉火锅、💕泸沽湖：烤鱼干、苦养粑粑、花糖、腌酸鱼、泡梨,🌷云南路线➡昆明、大理、丽江6日游经典路线1⃣Day1：出发云南→昆明→昆明老街，住昆明2⃣Day2：昆明→石林景区，住楚雄3⃣Day3：洱海→花海→大理古城，住大理4⃣Day4：玉龙雪山→蓝月谷→丽水金沙→丽江古城，住丽江5⃣Day5：束河古镇→茶马古道→返回昆明住昆明6⃣Day6：昆明→返程回家（⚠如果还想去香格里拉就再多安排两天）,,,#夏日旅行计划#云南游#云南旅游攻略#云南旅游#云南旅行,https://www.xiaohongshu.com/explore/648c77870000000027012ceb
云南七天旅游｜推荐必去打卡景点合集,,,,,,,终于整理好了一个星期的的旅行照片[一R]龙龛码头（看日出绝绝子）[二R]文海村 （本地人推荐 可以骑马）[三R]大理古城 （好好逛 租车超级方便）[四R]听花谷 （视觉盛宴~浪漫的花世界）[五R]S湾（吹着风看着海好治愈)[六R]丽江古城（观景台看整个丽江夜景）[七R]云杉坪 蓝月谷(层峦叠翠的山 清澈见底的湖）云南真的太太太美了 根本拍不够玩不够,,,,,,#云南旅游#云南景点拍照#云杉坪#听花谷#大理古城#龙龛码头#丽江古城#网红s湾#丽江蓝月谷,https://www.xiaohongshu.com/explore/64868741000000001300a7aa
图8也太过分了吧🤪,去云南就要自由行🤒,,,,,,,,,第❶天：直飞丽江三义机场✈️，民航大巴到古城25💰，接机80💰/趟，入住丽江古城内花园民宿300💰，下午就在古城逛逛，👫喝杯咖啡，听听民谣，✨晚上逛逛夜景，吹吹晚风，很舒服👍..第❷❸天：丽江出发泸沽湖安排2天1夜商务车纯玩小团，2天全部费用500多，☁️白天环湖兜风，吹山风，✌️划船登岛，🍀看日出，乘彩色木船游湖，👣徒步走婚桥，到女神湾看一次日落，晚上去村里参加篝火晚会🔥，✌️泸沽湖的夜晚漫天繁星，很治愈👍..第❹❺天：丽江出发香格里拉，北北家商务车纯玩旅拍小团，2天花费500多，摄影师带着边拍边玩，到虎跳峡看山洪，去纳帕海伊拉草原，🌸看山花浪漫，☁️下午就逛逛独克宗古城，转动世界上最大的转金桶，✌️最后一天出发普达措公园，走进森林，聆听虫鸣鸟叫🤔..第❻天：跟玉龙雪山一日游出发冰川公园，看白雪皑皑，乘缆车到4506m。👉徒步到海拔4680m，☁️下山之后在蓝月谷逛逛蓝色的湖面波光粼粼✨，沿着蓝色的河，🌈散步逛逛就很舒服..第❼天：睡到自然醒，乘动车到大理，入住大理古城民宿，安顿好逛逛古城，✌️喝杯奶车，找个咖啡馆，看看流云☁️听听民谣，大理的节奏很慢，很舒服👍..第❽天 ：定彩色吉普车旅拍268💰，开车兜风环海，摄影师带着边拍边玩，行驶在环海路上，到喜洲看麦田，喝咖啡到s湾骑行，👣到双廊等一场粉红色的日落，风花雪月就在环海路上，👫入住海景房，看看晚霞，很惬意☁️..第❾天：返程回家从大理乘动车到昆明返程回家✈️,,旅行策划🤔云南旅游策划师北北👍..🌈自由行才好玩，云南的紫外线很强，千万记得防晒,#大理旅行#旅游#朋友圈#朋友圈文案#云南游#泸沽湖#玉龙雪山#每秒都值得记录#香格里拉#洱海#丽江古城#大理古城#旅行随手拍,https://www.xiaohongshu.com/explore/648e85b20000000007039b3f
忘记屏蔽朋友圈了😂,云南旅游、云南旅游攻略、大理旅行👍✌️蓝天、白云、漫山的野花、波光粼粼的海，民谣和故事，这就是云南。,,,,,,,,,第❶天:直飞丽江✈️，提前安排好免费接机‼️入住古城民宿👍，下午就去丽江古城🌸满城的鲜花和民谣，伴着小桥流水，喝杯咖啡，沿着石板路散散步✌️，看看晚霞，喝杯咖啡，听听民谣👍..第❷天：登上海拔4680m，看一场云海，看白雪，感受祖国山河的波澜壮阔⛰️，🍀看一场张艺谋导演的实景舞台剧印象丽江，午餐之后逛逛蓝月谷，闪闪发光的蓝色湖面☁️，仿佛是星星坠入了人间✨..第❸❹天：到虎跳峡看山洪，👫到纳帕海草原看成群的牛羊，漫山遍野的野花盛放，✌️在辽阔的草原吹吹风，👣徒步走进普达措森林公园，听雨滴滴答答落在森林深处，感受自然万物，晚上逛逛独克宗古城，转动世界上最大的转金桶，许个愿望🌈..第❺天 ：听一首许巍的歌，去洱海兜风环海，☁️看阳光穿过云层照耀在海面，在路上走走停停，去s湾骑行，到双廊吹吹海风☁️，傍晚等一场浪漫的日落，到圣托里尼看橘色的洱海，✨夜晚看看漫天的繁星，大理的时光很惬意🌳..第❻天：喝杯奶茶逛逛古城，品尝一口香甜的鲜花饼，大理的酸奶很好喝🤔，下午去拍免费赠送的旅拍👍,费用💰7天6晚，大理丽江香格里拉，👍含7晚住宿和吃住行游玩的费用只要1000+💰，赠送丽江古城旅拍+大理洱海旅拍👍,🌈在一场场风景里，一段段旅途中，我们的内心会变得更加从容✨,#丽江古城#玉龙雪山#香格里拉#洱海#大理古城#云南游#浪漫生活记录者#无滤镜旅行#旅途中的美景,https://www.xiaohongshu.com/explore/6487eb7f0000000013012960
香格里拉旅游｜穷游攻略一篇讲全👉人均900➕,香格里2⃣️天1⃣️晚旅游攻略来喽～📋主要包含一下内容👇👇👇▶️香格里拉打卡景点▶️2天1晚行程安排▶️穿藏服拍照指南▶️交通指南▶️香格里拉旅游注意事项,,,,✅香格里拉交通ㅤ▶️丽江古城——虎跳峡🚗拼车：在小📕红书上找的ㅤ▶️虎跳峡——普达措🚗拼车：在小📕红书上找的ㅤ▶️松赞林寺——独克宗古城🚗滴滴：距离很近，几块钱就到了ㅤ▶️ 独克宗古城——龟山公园🏃‍♀️步行：这个走路就可以到，不需要交通工具ㅤ▶️ 龟山公园——纳帕海（伊拉草原）🚌公交：先坐车🚗起步价到红太阳广场上车12路，或者叫车也可以拼车，这个比较自由ㅤ▶️香格里拉——丽江站🚗拼车：迪庆交运GZH买票75💰,✅香格里拉注意事项ㅤ1⃣️高原反应/昼夜温差备一瓶氧气🉑️，从丽江到香格里拉尽量不要睡觉🥱，刚到那天晚上不要洗头，洗了就很容易高反；温差大要准备一件冲锋衣🧥ㅤ2⃣️买东西咱们是穷游，🙅不要买法器，🙅‍♂️不要买藏红花，不要买冬虫夏草🌿，这些东西你不要碰，碰了要你半条命，时刻记住：你没💰ㅤ3⃣️做好防🧴晒紫外线太强了，也要做好防🧴晒，带帽子，墨镜🕶️，一样都不能少～ㅤ4⃣️文化尊重这里是离天堂蕞金的地方，这里佛教圣🙏地，大家喜欢一个东西不要用一个手指去🈯️,✅打卡景点📍虎跳峡📍普达措📍独克宗古城📍龟山公园📍月光广场📍松赞林寺📍纳帕海（伊拉草原）,,,✅行程安排👉DAY 1：丽江古城——虎跳峡——普达措——独克宗古城🏯ㅤ👉DAY2：独克宗古城——龟山公园⛲️——松赞林寺——纳帕海🌊/伊拉草原——丽江站,✅穿藏族服装拍照ㅤ1️⃣只租服装：20～60💰2️⃣服装➕化妆：100💰3️⃣服装➕化妆➕拍照：299💰⚠️这个是区分等级的，大家可以按自己的需求，我的建议是只租服装➕化妆，自己拍照就可以了😌，咱们要物尽其用，早上租好服装先在独克宗拍照，拍完了可以去松赞林寺拍照📷，然后下午去纳帕海🌊/伊拉草原拍照，,📍总要去一趟香格里拉吧一个缺氧但不缺信仰的地方当二天藏族小卓玛,#香格里拉#香格里拉旅游#香格里拉旅游攻略#香格里拉独克宗古城#香格里拉松赞林寺#云南旅游攻略#浪漫生活的记录者,https://www.xiaohongshu.com/discovery/item/6486916a00000000110127af
3000¥｜大学生7天6晚穷游云南旅游攻略,昆明-大理-丽江-香格里拉都去了，这么详细的攻略还不来看吗？,,,,,,,,,,,具体的美食、住宿等攻略可以看主页，真实的游玩真诚的分享,#云南#旅游#大理#丽江#香格里拉#穷游#攻略#美食#旅行攻略#云南游#自由行,https://www.xiaohongshu.com/explore/648a043b0000000013034a66
刚从云南回来，熬夜整理的超全的旅行攻略,喜欢旅行的姐妹，云南一定是你旅游清单之一吧去之前，请先收藏下这份攻略,,,,,✅游玩必读1️⃣昆明可以作为首选，飞机航班多，机票相对便宜，作为云南的交通枢纽，可以很好的安排游玩路线！2️⃣滇池11-3🈷️去，其他时间只能看湖景3️⃣北海湿地4-5🈷️很美4️⃣住宿尽量选择吃住行方便的地方，但一定要提前订好，不然房价上涨或者没房都是常事,📷必打卡：1️⃣大理双廊古镇，崇圣寺三塔，大理古城，洱海2️⃣丽江玉龙雪山，蓝月谷，丽江古城，束河古镇，泸沽湖3️⃣香格里拉独克宗古镇，普达措国家公园，梅里雪山，虎跳峡4️⃣西双版纳星光夜市，中科院植物园，曼听公园，原始森林公园，野象谷，傣族园5️⃣芒市金银塔，新玩厂，勐娜珍稀植物园6️⃣昆明滇池，石林景区,,,,云南的景点非常分散，交通换乘很麻烦，第一次去玩的可以找一个住行门票全包的靠谱当地团，6天人均1400起，8天1700起，性价比很高，关键是省心省💰,如果不是第一次，建议自由行就好，提前把旅游线路规划好，慢慢的坐下来玩一玩，去追追风，看看洱海3️⃣还有其他想了解的欢迎留言～,#大理旅行#云南旅行#旅行规划,https://www.xiaohongshu.com/explore/64896da800000000130158e2
云南旅游七天花了1680💰好划算‼️,☀️夏天云南旅游，淡季出行景美人少，1680是单纯用车吃饭景点玩乐，不包括飞机往返❗️,,1️⃣关于天气穿搭6到9月，温度15-27度，正常夏装，带长裙拍照好看，云南紫外线☀️强，做好护肤防晒，但雨季偶尔阴雨天，备好雨具,5️⃣关于住宿丽江住古城民宿，南门附近交通便利大理住古城客栈，情侣住海景房🖼,2️⃣关于交通直飞✈️丽江，再去大理，最后昆明返程回家丽江到大理，可乘动车80💰，2.1小时大理到昆明，动车145💰，1.5小时,,4️⃣自由行玩法①逛逛丽江古城夜景，看免费的篝火晚会，听民谣，许愿河灯许个小心愿😝②登玉龙雪山，看☀️日照金山，雪山云海③去香格里拉依拉草原穿上藏服当🧝‍♀️卓玛姑娘④去蓝月谷看蓝色的湖水，拍拍汉服大片📷⑤逛逛大理古镇，傍晚登五华楼看看夜景，小酒馆听听民谣🎵⑥住晚海景房，环海吹吹风，海东看晚霞🌇,,,3️⃣自由行7天路线第①天：飞丽江，逛逛古城，住古城民宿第②天：丽江前往泸沽湖，划船环湖，住泸沽湖第③天：里格半岛，划船草海，回丽江第④天：玉龙雪山，蓝月谷，下午逛逛束河古镇，住古城第⑤天：喜洲古镇，磻溪S海湾，环洱海，住洱海边第⑥天：大理古城，环洱吉普车旅拍第⑦天：返程回家,6️⃣七天六晚结束花：👉https://www.xiaohongshu.com/user/profile/5cb830c30000000016023164云南旅游建议自由行，到当地报纯玩，2-12纯玩不踩坑，7天6晚人均1680💰，旅途快乐简单~,关于云南旅游，不懂就问，有问必答,#不懂就问有问必答#云南旅游攻略#云南旅游#云南游#笔记灵感#周末去哪儿#大理旅行#丽江旅行#大理#香格里拉旅行,https://www.xiaohongshu.com/explore/64886dac000000000800f8fd
第三次去西双版纳🌿整理了一份三天两夜攻略,三年没来云南了，在纠结芒市，西双版纳和大理哪里作为云南第一站时，和朋友一拍即合选择了被水果和植物包围的西双版纳。-西双版纳很神奇，和它的天气一样，每天都有不同的惊喜，神奇的植物、水果、服装和民族…来这里三次了，每次都能找到不同的机位拍照，日均两万步整理了一份三天两晚攻略～,,,🏨住宿攻略最近是版纳淡季，可以住在告庄西双景附近，去哪儿都方便！,,🌈游玩tips：▪️不知道怎么玩的强烈推荐报一日游团！除了有导游讲解还能一站式全包，最关键是不用自己排队买门票，性价比很高！▪️最近是版纳雨季，一会儿晴一会儿雨，建议出门多带双鞋也随身带雨具（除了挡雨，还能挡紫外线）▪️租傣服拍照多对比几家，不要听信路边拉客的，自己去看，很多会有隐形消费，问清楚再拍！▪️很多地方都有泼水活动，选择一处去看即可（泼水广场最出名）▪️中科院植物园晚上有萤火虫观赏，喜欢的朋友可以在那里过夜▪️篝火晚会在勐巴拉娜西大剧院和曼听公园都有，选一个离自己最近的去就好！▪️去寺庙不要穿不过膝的裤子和暴露的衣服！▪️星光夜市啥都比外面贵，想吃小吃的可以出去再买！,📷拍照打卡点1⃣️ 勐捧路图1机位，很出片，两边的椰林很茂密，一秒置身芭提雅海岸2⃣️中科院植物园图二三机位，各种神奇的植物和盛开的花一秒置身莫奈花园3⃣️基诺山徒步适合和朋友去拍雨林大片，我们因为下雨没拍到阳光，阳光穿过树丛照到溪流边拍照很神奇！4⃣️星光夜市可以拍到曼谷夜市同款画面，很经典的拍照机位5⃣️曼阁水果市场很多水果加上带蓬的摊位，拍照巨出片！立刻置身热带水果世界！6⃣️湄公河江边夜市能看到日落，也能拍夜市大片，推荐！,,💫美食攻略在西双版纳想吃正宗的傣味不要在景区里面寻找，可以去【曼斗村】或者【油乡美食广场】喜欢逛早市不怕麻烦的，本地人极力推荐的橄榄坝集市，但只有每周六限定出摊！,🌳旅游线路推荐day1:中科院植物园-傣族园-星光夜市day2:基诺山徒步-告庄西双景day3:曼阁水果市场-曼听公园-勐捧路-曼斗村day4:傣乡水城-✈️重庆,,还有疑问的小哥哥小姐姐可以留言互动，知道的都会告诉的，麻烦点赞收藏喔！😃,#西双版纳游玩攻略#暑假去哪玩#云南游#西双版纳,https://www.xiaohongshu.com/explore/648836ba0000000027028cb4
普者黑2日超全攻略(暑期篇)价格写在最后,,,,🚗住宿(非广）普者黑朴里全湖景精品客栈优点：名宿的所有房间都是180度全湖景，拥有独立阳台，阳台外是一整片荷塘，整体设计也错，入住房客都有早餐，公交车到达之后可以联系客栈来接缺点：距离商业集中区步行可能需要15分钟,🚄交通：到普者黑站动车1.5小时左右，昆明南站出发1小时左右，出站右转乘坐8路公交1.南站离市区较远，机场坐地铁1.5小时左右2.普者黑高铁站到景区30分钟一班车3.终点是普新桥，中途需下车记得提前给司机说(30分钟+）4.不要去乘坐有轨电车，中途还需要换乘接驳车，且还到不了仙人洞村以及普者黑村,,🛶柳叶小舟/画舫船柳叶小舟往返于蒲草塘与青龙山码头之间，乘船可感受泛舟碧波上，游走田园间的水乡美景，乘小舟几乎逃不过打水仗，即便是你不想加入仍然逃不过别人的水瓢，所以记得提前带好手机防水袋和桶画舫船船比较大，遮阳不暴晒，不想玩泼水的伙伴可以选择画舫船，价格一样1.多涂防晒霜，不然一圈下来晒黑几个度2.买票的时候记得看清楚，买的什么船就只能坐什么船⛰青龙山看日出日落、三生三世取景地以及普者黑村的绝佳地点山路较陡，有一小段接近70度的，30分钟左右，4个观景台视角都不同1.不要穿高跟鞋、裙子2.最好是早上看完日出，吃了早餐直接去坐船，离得比较近，上午没那么晒🏡仙人洞村打造比普者黑村要更加成熟，环境也更好一些🏘普者黑村更加的原生态一些，名宿跟村民楼互相交织，空气中时不时传来一股原生态的牛屎味。这里吃饭购物比较方便1.看日出的伙伴一定要住普者黑村，离青龙山很近,,🍲美食一定要尝试的特色食物是荷花、荷叶、鱼虾以及薄荷。1.园艺餐厅：普新桥边上，临湖，一边吃饭一边看着游船经过，大众92的套餐4个才菜，性价比超高，野菜也很好吃2.田园湖畔：园艺餐厅的对面，推荐他家的小土豆，酸菜藕片，价格比园艺稍贵3.云丽餐厅烧烤火锅：这家我们是在酒店点的外卖，推荐酸牛肉、烤卷粉以及小锅米线4.丽焦咖啡：难得的咖啡店，咖啡偏贵，云南豆还不错，还有一家猪圈咖啡，据说是由猪圈改造出来，遗憾没有尝试,,🎫价格参考1.普通公交5元，空调🚌10元2.游船票单人价格：230，某音双人418，3人套票5903.马车单程5元，村内都可以选择马车出行4.民宿300+，6月底价格700+,,#暑假生活#普者黑#云南游,https://www.xiaohongshu.com/explore/648823b40000000013037016
6-8月要去丽江的女生存下，良心避雷攻略！,🌹6-8月计划来丽江的姐妹，出发之前一定要看这份丽江旅游避坑攻略，攻略涵盖：丽江景点、丽江交通、丽江住宿、丽江美食、丽江必去景点详解以及丽江旅行避坑指南！执此一篇攻略，让你的丽江之行美美哒~,,,🌹丽江住宿推荐①丽江古城：首选，吃住行都方便，交通也便利。行李多的可以选择在古城边上，古城的青石板路以及高低不平的路面真的不适合拖行李②束河古镇：比较安静，游客相对较少③白沙古镇：隐藏在玉龙雪山脚下的一个烟火气十足的古镇，在古镇里抬头就能看到雪山，白沙面积不大，只有一条主街，属于新晋网红古镇,,⚠️Tips:住宿预定之前一定要多对比价格，要看真实的评价跟跟环境。要多平台看价格，不要被大数据❌熟,🌹丽江景点及门票💰🔥玉龙雪山—100🔥泸沽湖—70🔥丽江古城—免费🔥束河古镇—免费🔥白沙古镇—免费🔥拉市海湿地公园—30🔥木府—40🔥玉水寨—35🔥虎跳峡—45🔥丽江千古情—280🔥老君山—70🔥茶马古道—免费🔥东巴谷—30🔥听花谷—120（旺季）80（淡季）🔥狮子山—免费🔥黑龙潭公园—免费🔥观音峡—30,,,🌹丽江景点旅游路线推荐丽江+泸沽湖（5天4夜豪华游）D[一R]丽江接（飞机\高铁）服务+自由活动+入住丽江D[二R]丽江+泸沽湖+里格观景台+情人滩+篝火晚会+入住泸沽湖D[三R]摩梭古村落+猪槽船+登里务比岛+入住丽江D[四R]玉龙雪山+冰川公园+旅拍+蓝月谷+入住丽江D[五R]送（飞机＼高铁） 服务,❤️温馨Tips：云南的景点比较分散，交通换乘非常麻烦，第一次去丽江旅行可以找个当地靠谱的纯玩儿小团，2-8人那种。吃、住、行、景点门票、旅拍、接送交通、保险全部一价搞定，景点深度游，还可以定制私人旅行路线，并且绝对纯玩儿不购物，比自由行还省心、省钱！,🌹想要了解更多云南本地纯玩儿小团的姐妹可以随时揪我,#丽江#丽江旅行#丽江古城#旅游#玉龙雪山#丽江玉龙雪山#旅游攻略#旅行#丽江美食#丽江旅游#云南旅行#丽江旅游攻略#丽江旅游避坑#笔记灵感#丽江旅拍,https://www.xiaohongshu.com/explore/6486e69b000000001300d464
昆明出发1h 藏着温泉私汤酒店⛲️｜亲子旅行⑤⑨,Address：云南/昆明/宜良Time：2023.06.03一江一洞一朵花一鸭一茶一温泉一座文化和自然交相辉映的小城一个山美水美人美的宜居之地👼🏻大家好，我是糯米，我四岁三个月啦，主页更多遛娃分享哦。,,,🏡简介：宜良素有“温泉之乡”的美称，狗街温泉富含多种矿物质。舒筋回血，养身养心，酒店坐落在宜良狗街镇，27个房间，3间一楼房间带院落泡池。⛲️温泉：设有户外泡池13个和男女宾室内泡池各1个，水温38.5左右。🎣休闲：酒店内有鱼塘、围炉煮茶的区域、共享菜园，露营烧烤区域设置在一片核桃林下，遮阴蔽日，好不舒服。目前烧烤可提供4-12人的三种套餐，自带食物200的炭火与清洁费。🥗餐食：住宿含早，午晚餐酒店内可点餐，早餐的包子是宜良有名的面点师制作，品质口感都不错。服务：酒店停车场离前台有段距离，带小孩步行十分钟不到点，提着行李前行困难，可打电话到前台请工作人员来帮忙。,⛳️导航：雲屿汐温泉度假酒店，昆明市区出发高速1h就到。酒店门口有停车场，停车免费。,,🏕️景点：这季的周末两[太阳]一[月亮]，泡完温泉还可以至周边景点游玩：1岩泉寺，宜良八景之一，建于清康熙16年，距今600年，寺院清雅，环境优美。2滇越铁路，这里刻下了中国的百年历史，蜿蜿蜒蜒的米轨铁路背着沉甸甸的的历史。3为君开三角梅盆花基地，一个园林工程有限公司，以三角梅为主题，年产三角梅2000万株，被国内外专家认为是全国蕞大的三角梅企业。4耿家营乡两湾村马蹄湾，是南盘江上游的一条支流，是典型的高原卡斯特地貌高山河谷，河谷边以彩色稻田种植为景，应当下设计稻田主题。,,,,,大家还有哪里想去的地方，告诉我，先去帮大家探路哦。,#周末去哪儿#笔记灵感#城市情报官#昆明周边亲子游#昆明周边温泉#宜良#亲子酒店推荐#昆明周末去哪#昆明遛娃好去处#昆明周边露营#昆明私汤温泉,https://www.xiaohongshu.com/explore/6486a5710000000027003ecc
比和顺更小众｜徐霞客超爱、时光静止的古镇,没去过绮罗古镇之前，和顺一直是我的心头好偶尔间在翡翠大王寸尊福的故居了解到李先和才有了这次绮罗古镇之行这里没有商业，比和顺古镇更小众徐霞客曾来过，还称之为最美记忆之地很适合喜欢历史和人文的爱好者·▪️绮罗古镇·值得去细细品味的地方▪️绮罗古镇不算大，但好几个地方都值得细细逛可以根据自己喜好，慢慢探索,,,,,▪️绮罗古镇·旅行TIPS▪️❶绮罗古镇位于腾冲市区旁，打车公交都可到达❷腾冲已进入雨季，一定要带好雨伞雨衣雨鞋❸腾冲紫外线很强，出门要带好帽子擦防晒❹出门一定要带充电宝，我会有电量焦虑这次带了ROMOSS充电宝，磁吸充电拍照时不挡摄像头，自带线一线三充支持20w快充，苹果安卓自充，免去带线的烦恼❺古镇里都是青石板铺就，一定要穿舒服的鞋子,❶李家大院李先和先生的故居，仍有后人居住清光绪十五年，腾越同知与李先和所建近130年历史，采用腾冲当地最好的紫楸由数十位剑川老师傅花费三年雕琢而成购买门票后，会有专人带你讲解建筑保留很完整，值得一看门票：20元❷水映寺腾冲八大古寺之一，有将近600年历史寺前有河水流过，环境清幽静谧传说中：水映寺、寺映水，水在寺中流这水就在观音殿前，有一处永不枯竭的泉眼❸绮罗图书馆比和顺图书馆还要早10年左右这里没有咖啡馆那种座位、也没有景观位就是那种保存一百多年的很纯粹的图书馆连着来了两次，都没看到开门❹文昌宫算是绮罗古镇的标志性建筑，一直在修缮无法进去参观，始建于明朝万历年间融合了文庙的规制和道教宫观的规制被誉为腾冲当地传统建筑的扛鼎之作❺早市绮罗古镇最不能错过的当属本地的早市跟和顺古镇很像，每天早上7点到12点结束无论是早点、小吃，蔬菜瓜果应有尽有如果你想感受人间烟火，那就一定要去,,,,,绮罗古镇是云南边陲的小镇仿佛是被外面的世界遗忘一般这里保留了最原生态的生活方式却是徐霞客记忆里最爱的地方这里比和顺更小众，也更值得一来！,#云南游#古镇#小众旅行地#腾冲旅游#腾冲#充电宝推荐#绮罗古镇#徐霞客#罗马仕小雪糕#云南旅游#罗马仕磁吸充电宝,https://www.xiaohongshu.com/explore/64859aa00000000027010722
暑假亲子游｜只需1.5小时就能get 的神仙小镇,暑假去哪儿，给你想好了可以去大理、丽江避暑🧊那不要错过这个避世小镇，就在两地之间现在更是开通了高速～🚗离大理1.5小时，离丽江1.3小时☑️这里有一个一日游浓缩版攻略❗️☑️和两天一日游打卡攻略❗️,,,,,,,,,1⃣️【一日游精华版攻略】停车场-🚶-五月念（花墙）-🚶-爱与故食（门口打卡）-🚶-薄荷咖啡（剧中咖啡厅）-🚶-欧阳大院（古建筑）-🚶-四方街（古戏台、兴教寺、阿瑞奶奶的店、有狸杂货铺、文化墙）-🚶-东寨门-🚶-玉津桥-🛺-先锋书店（书店+诗歌塔）-🛺-南寨门-🚶-叁一咖啡（屋顶咖啡视野无敌）-🚶-初见（牛肉巨好吃）-2⃣️【两日游，住一晚更爽】Day 1（打卡古镇内）🚗中午开车到沙溪，1.5小时到达1⃣️北寨门游客中心步行到开满鲜花的五月念，拍花墙2⃣️爱与故食：容纳5人食的定食餐厅3⃣️薄荷咖啡：有风同款，刘亦菲打工的咖啡厅，上午11点开门，下午4～5点打扫后继续营业4⃣️欧阳大院：一个古建筑保护文物5⃣️四方街：这里有古戏台、兴教寺、阿瑞奶奶的店、有狸杂货铺、文化墙，都在这里集中了6⃣️古树：有风里，阿奶摆摊的地方7⃣️叁一咖啡：沙溪拍房顶的好地方8⃣️初见餐厅：牛肉巨好吃～提前打电话预约9⃣️东寨门：外面的广场有篝火晚会-Day 2（打卡古镇外）1⃣️古镇清晨！没人！随便拍！🚗可以打小黄车出发，15～20一台车2⃣️宇宙面包+半山咖啡两个店都在华龙村，坐车步行过去都方便3⃣️先锋书店+诗歌塔这个在北龙村，买纪念品、喝咖啡、盖章、打卡李现同款～回来退房，顺便买4⃣️芗12：好吃的网红汉堡～🚗可以在回大理途中，绕路5分钟，去往旁边灯塔村的山风院子5⃣️山风院子：树屋小院童话世界下午4点多回到大理～,,凉快、安静、美食、拍照如果安排云南行，这里不应该错过,#大理亲子游#大理旅游#云南亲子游#沙溪古镇#大理旅游攻略#沙溪古镇旅游攻略#云南旅行#大理旅行#沙溪#去有风的地方#暑假去哪玩#暑假亲子游#端午小长假,https://www.xiaohongshu.com/explore/64884e2a000000002702af34
昆明藏着一个油画般的“江南水乡”门票0元‼️,大自然是有力量的没有什么人间疾苦是它治愈不了的越长大越喜欢山川湖海这样真实的“小桥、流水、人家”竟然就藏在昆明不是江南胜似江南……仿佛油画里的世界美得有点不真实～这是一座南北走向的单孔桥、石板路有些年份了横跨宝象河全长25m被绿树环绕夏天太适合乘凉、聊聊家长里短好多小姐姐来拍照打卡非常适合拍汉服之类的条件允许避开周末，人多【‼️拍照注意安～全】,,,,,,📍安流桥🚕交通❶自驾❷地铁：地铁🚇4号线到羊浦头D口出步行1km左右可到,,,,,,#昆明拍照#昆明吃喝玩乐#昆明旅游#昆明小众打卡点#周末去哪儿#周末遛娃#昆明旅行#云南旅游,https://www.xiaohongshu.com/explore/6486dfa50000000027012e71
云南旅游💥攻略大全，😭终于看懂了....,奉劝各个姐妹👭一句，去云南旅游之前一定要看好攻略‼️，这篇简单明了的攻略就给大家参考啦，记得💗点赞收藏起来哦,📝出行前的准备📝✅证件:身份证、学生证✅电器:充电线、充电宝、手机、耳机✅药品:感冒药、肠胃药、创可贴、晕车药、高反药✅衣物:春季的衣服、运动鞋、墨镜、帽子✅化妆护肤品:水乳面霜、防晒霜、卸妆油、洗面奶、补水面膜、沐浴露✅出门前注意:关门、关窗、倒垃圾、关电源,🔆天气参考🔆🌱6月天气:18-26度晴天为主，晚上降温有点快🌱7月天气:20-31度白天气温高，注意防紫外线🌱8月天气:20-32度晴朗多云，紫外线照射强烈,,,,,,必去美食街💗大理：人民路、洋人街、复兴路💗丽江：四方街、七星街、忠义市场、丽江水果市场、束河美食街💗昆明：顺城街、景新街、市区西南商业大厦💗香格里拉：向阳路农贸综合市场、独克宗古城、结达木景区💗西双版纳：江边夜市小吃街、东方美食街、金街,🌸行程路线分享🌸Day1：出发云南一昆明一昆明老街，住昆明Day2：昆明一石林景区，住楚雄Day3：洱海一花海一大理古城，住大理Day4：玉龙雪山一蓝月谷一丽水金沙一丽江古城，住丽江Day5：束河古镇一茶马古道一返回昆明，住昆明Day6：昆明一返程回家,,有更多问题可以去后台踢💗我哦,#旅游攻略#云南#云南旅游攻略#云南旅游#旅游,https://www.xiaohongshu.com/explore/64871b530000000011010f4e
🏝云南西双版纳| 休闲版🌟超全图文攻略,关于西双版纳：⚠️每个景点隔得非常远，建议包🚘，师傅买🎫有折！🚶🏻线路都给你们总结好了，餐厅也🈶‼️带好身份证，去野象谷边境👮🏻会查👗去版纳真的不用多带衣服，傣妹服只要50-80,,,,,,1️⃣首站：星光夜市 游玩时间：2h下午/晚上✈️可以先冲星光夜市，早班建议从第二站开始▪️营业时间持续至01:00左右▪️各色小摊贩，一定要会砍J🌟适合拍照，吃饭的话可以去隔壁曼斗-2️⃣第二站：野象谷 游玩时间：2h🎫如果包🚘直接让司机定，他们有折扣价▪️在大象食堂喂🐘吃胡萝卜▪️搭缆车和野象📸（缆车来回68）-3️⃣第三站：曼听公园 游玩时间：2h门口有很多店可以做妆造，买傣妹装的话50-80🚶🏻 游玩路线：入口→荷花池→咖啡馆→白塔→总佛寺．▪️整个环境非常出片，去了曼听公园（中科去不去都无所谓▪️园内有摄影 100就可以跟拍，说实话拍的还不错🌟这里不用电瓶车，因为绿植很多完全不会热-4️⃣第四站：勐泐大佛寺 游玩时间：1h这里面积超大！从🔝往下走才不会累🚶🏻山顶公园→景飘大殿→吉祥大佛🌟乘坐电瓶车至山顶，一点点往下走，感兴趣的停留步行‼️注意电瓶车哪里下车哪里上🚎电瓶车：往返60/人,,🍊mamalao老挝烤肉糯米饭五花肉，茄子还有豆角都超好吃！还有粉！▪️糯米饭可以自己选小料搭配▪️早上7:45去排队，这样首批就能吃上🍊婉泰哪家都好吃！尤其是椰子冰沙▪️可以外卖▪️中午/下午都不怎么排队🍊春武里版纳网红天花板‼️和mamalao一个老板，但真的很好吃！我有单独写一篇，可以翻之前的笔记▪️环境好，菜品是我版纳zui爱！米粉一定要点！还有鸡翅，烤虾▪️中午去人比较少，10点30就可以侯着了懒得排队 🌸80也有D排的🍊想吃烧烤的去曼斗一条街▪️反正哪家人多去哪家，别去那种东北味很重的,特种兵们如果只有一天的时间🚗路线建议：mamalao老挝烤肉糯米饭→野象谷→大佛寺→婉泰→曼听公园→春武里,,,#以毕业之名出发#西双版纳#云南#云南旅游#云南西双版纳,https://www.xiaohongshu.com/explore/6487e4c20000000011013d79
和男友👯‍♀️云南旅游7天花了2600，情侣路线,6月 一周，分享路线，以免踩坑❗️,,2⃣气候和穿搭：紫外线强，干燥空气干燥，多带补水面膜，白天穿短袖、长裙，早晚薄外套➕长裤，雨季备雨伞☂️,4️⃣住宿：轻奢客栈、民宿大理：古镇客栈或双廊海景房🌊丽江：古城南门，交通便利，能逛逛集市香格里拉：住独克宗附近藏式民宿,1⃣交通：直飞🛫大理 大理🚅丽江机票定往返，尽量直飞大理或丽江，昆明城区较多，而且现在滇池没海鸥了,,,,,3️⃣路线：大理-洱海-丽江-玉龙雪山-香格里拉☀️第①天：大理落地机场乘出租车前往古城80💰左右古城不大，喜欢安静休闲去护国路，路边一些风味小吃店，游客很少在这里扎堆，披上披肩散散步，感受古镇的烟火气，爱热闹去人民路，巷子里一些酒馆和小吃摊，喝喝酒听听歌🎵☀️第②天：洱海自驾在古城口租甲壳虫，算上油费不到400顺时针环海，早起去龙龛码头🌲看日出，红杉树就在这里，磻溪村S湾在海边，一半海一半路，干干净净的画面，骑个单车20💰吹吹海风，到喜洲古镇拍拍转角楼和麦田🖼，傍晚海东追日落☀️第③天：丽江大理坐动车去丽江，80💰车程两小时丽江古城都是石板路，换运动鞋，白天逛逛小巷，拍拍写真，傍晚20:00半四方街看🔥篝火表演，五一街清吧听民谣，狮子山俯瞰夜景~☀️第④天：玉龙雪山市区前往雪山，1日游398💰乘车40分钟雪山海拔5596m，乘缆车🚠到4506m，剩下就自己徒步逛，不舒服就吸吸氧，到蓝月谷没必要坐景区50块的观光车，沿湖散散步吹吹山间的风☀️第⑤⑥天：香格里拉丽江市区出发，定二日游498💰，到香格里拉4小时，在虎跳峡看山洪，前往普达措公园，属都湖木栈道徒步，沿途能近距离看🐿️松鼠和牦牛，傍晚回市区看藏舞宴，吃牦牛肉青稞饼，喝碗酥油茶，早上师傅带着去依拉草原，小羊羔很可爱，租套藏服80💰，再编彩色发辫，变卓玛~☀️第⑦天：丽江民航蓝天宾馆乘机场大巴20💰到三义机场,5️⃣七天结束花💰：单纯用车吃饭景点住宿人均1680，包括✈️机票人均2600，快乐简单~,㊗️大家旅行愉快,#云南游#不懂就问有问必答#大理旅行#云南旅游攻略#大理#丽江旅行#香格里拉#周末去哪儿,https://www.xiaohongshu.com/explore/6489cf630000000013037ca6
去了云南七天花了0.2w，回来朋友圈长这样,,,,,,,,,,第❶天：飞机✈️或者是高铁🚅到丽江，有专车司机🚗来接机入住丽江民宿🏨，稍微整理一下行李🧳，休息一下。下午逛逛丽江古城，走在城中蜿蜒的小巷，独特的纳西族建筑和装饰风格也是丽江古城特有的风景。去打卡现文巷，这是一条布满油纸伞⛱️的小街巷，无论白天还是夜晚都非常的好拍📷，复古又梦幻。第❷天：跟团雪山🏔️一日游。早上会有专车司机到民宿门口接送，门票🎫、索道票、防寒服、氧气瓶、景区大巴都会提供在内。可以带一下点巧克力🍫，来补充体力。坐索道🚠观雪山。到4506，徒步走上4680拍照留念📷。注意身体状况，量力而行。午餐后做景区大巴到蓝月谷，阳光☀️下的蓝月谷，是宝石蓝的湖。随便哪个角度拍，都是大片！第❸ ❹天：从丽江出发去香格里拉，路程大概三小时。路程比较长，建议带一件厚外套🧥，早晚温差比较大。去到一个与世隔绝的神秘国度，人间天堂的香格里拉。到达独克宗古城可以去尝尝牦牛火锅🍲、酥油茶🍵、酥油奶酪。古城里面有一个长征博物馆，进去的人不多，但真的推荐进去看看，真的很不错。第二天一早去到松赞林寺，向神明转告人类的祷告。在这里可以换上一身藏服，拍一套写真留作纪念📷。下午去到纳帕海，草原很辽阔，还可以看到牦牛🦬和网上很火的水上公路。第❺天：逛逛大理古城，去到人民路、洋人街。打卡烤乳扇、烤饵块等的小吃，这里也有很多小酒馆里面氛围非常的好，点一瓶酒🍺，跟朋友家人畅谈人生，非常的惬意。第❻天：最美S弯网红公路，特别容易出片📷。到喜洲古镇它既有古镇的斑驳，也有海边垂柳的浪漫💕。既有马车响铃流水人家，也有很多网红咖啡馆和餐厅。在双廊素有大理风光在苍洱，苍洱风光在双廊。这里也很适合看落日🌇，来这里发呆一下午很是惬意的看着太阳一点一点掉进苍山。第❼天：乘坐动车🚄或飞机✈️返回家中,,,#丽江#玉龙雪山#香格里拉#大理#洱海#回家#朋友圈文案#朋友圈分享#云南#云南游#云南旅游攻略#双廊#喜洲古镇#丽江古城#大理古城,https://www.xiaohongshu.com/explore/64899d960000000013037cad
大理拍照好看的地方｜合集篇📷,来大理旅游的宝子可以来参考下啦～游玩一个星期左右总结出最出片的几个景！,,,,,,1⃣️六阅福十海景餐厅：很早之前就一直收藏的杨洋同款餐厅，公共区域出片率很高，建议中午之前来，人多可能要排队，海鸥p图教程可以翻阅前几篇笔记2⃣️湖山云隐海景餐厅：这家可住宿可用餐，不过个人觉得住宿更划算，点餐有低消，要提前预定哦，民宿前几周预定也更便宜～3⃣️大理古城七月八号：来古城逛街别忘了这儿，比较小众没什么人拍照，在屋檐下一定要注意安全⚠️4⃣️龙龛码头：看日出首选，5点多就起来了，入口之后往左走5⃣️海东方悬崖餐厅：海景视野特别开阔，整个餐厅也坐落在悬崖边，拍背影都美触天际，餐食我和我妈都觉得不错～性价比也高6⃣️鹿鹅山遗址：在人多的地方停车，建议穿平底鞋要下山之后才能换高跟鞋，往右走人少也更出片～7⃣️：兴盛大桥：有种欧洲的感觉，可以超短裤超辣！风太大可以拍背影侧身～,,,,,最后祝美女宝宝们都能拍出满意的照片 大理紫外线很强 一定要注意防晒～～～～,#大理古城#云南游#旅游#来拍照了#大理拍照#大理洱海#大理旅游攻略#大理探店#大理美食#大理民宿#大理网红拍照打卡地#大理双廊#大理湖山云隐#大理小众拍照#大理拍照打卡#云南旅游攻略,https://www.xiaohongshu.com/explore/648d7d440000000013032988
刷爆朋友圈的大理7天6晚深度游攻略‼️抄作业,最近很多宝子问我，大理玩几天能玩完～我想说大理永远都玩不完😏有人住一个月不想走，也有人3天就去下一个城市所以今天给大家推荐一个7天6晚大理深度游的攻略‼️,,,关于大理的住🏠民宿众多提前定好，古城热闹，生活便利。洱海边风景好安静，去洱海方便。,,,,,关于大理的吃🍲🫓喜洲粑粑、烤饵块烤乳扇、Pa肉饵丝、凉米线、稀豆粉这些小吃都可以尝尝🍲野生菌火锅、白族菜、石板烧也是大理特色🥤当然还有房琪都有推荐的来思尔大理白族小酸奶，是大理特色的哦～冰淇淋一样的丝滑口感，产用本土高原益生菌，每个口味我都很爱！大理不仅有风花雪月 还有来思尔大理白族小酸奶~,关于行程安排📒第1⃣️天：到达大理入住心仪的民宿🏠然后可以去看看洱海，去喜洲古镇看白族民居，田园喝咖啡拍照，有兴趣的还可以去周城体验扎染第2⃣️天：环洱海-西线，如果时间充足真的建议海西一天，海东一天，海西生态廊道40多公里，有很多可以拍照的地方，崇邑村木栈道、龙龛码头的红杉和海鸥、才村的日出、还有廊桥和海舌公园、双廊第3⃣️天：环洱海-海东，走走双廊古镇，之后有鹿卧山，文笔村、理想帮等地方，下午看完兴盛大桥之后去云想山，看看晚霞第4⃣️天：9点去寂照庵，爬一小段苍山，吃斋饭，下午2点下山去凤阳邑，看有风小院，晚上可以去大理古城逛吃，登五华楼第5⃣️天：早上9点出发沙溪古镇，茶马古道上唯一幸存的古集市是值得一去的，下午4点返回大理第6⃣️天：徒步，轻松一点选择无为寺，波罗寺，远一点有鸟吊山，高山湖泊和草甸风景很好看，现在还有漫山遍野的高山杜鹃，夏天到了还可以捡菌子哦第7⃣️天：民宿摆烂，和老板喝喝茶聊聊天，放松之后再返程✈️❤️以上所有景点除了有风小院进去需要消费其他都是免费的哦～,,当然欢迎来才村锦瑟里客栈找我玩哦～👏,#大理旅行#大理#出门过夏天#去有风的地方#追着春风去云南#大理旅游攻略#来思尔大理白族小酸奶#来思尔#酸奶,https://www.xiaohongshu.com/explore/6487f570000000001301201d
出发云南之前一定要看的34条旅游建议☝️,出发云南之前一定要看的34条云南之旅建议‼建议收藏细看哟，觉得有用可以点个小❤❤噢,,🌺6-8月份天气➕穿搭6月份：17-24度，🌞多云7月份：19-30度，☁多云转晴8月份：26-34度，多云☁👚穿搭指南：短/长袖衬衫，运动外套，短袖，长连衣裙。运动鞋阔腿裤，平底鞋、运动鞋,,,,,,💗云南美食♨昆明美食：老奶洋芋、汽锅鸡、过桥米线、豆花米线♨大理美食：破酥米靶、饵丝、三道茶、凉鸡米线......♨丽江美食：腊排骨、酥油茶、野生菌、黑山羊......♨香格里拉美食：米米，酥油茶，青棵酒、青棵饼......♨西双版纳美食：傣家糯米饭、缅甸鸡蛋巴拉达、菠萝紫米饭、手抓饭......,🌟云南6天游玩路线🌟💫Day1:抵达昆明，逛翠湖公园，品尝云南小吃！🍴🍜🥢🌶☀Day2:前往大理古城，游览洱海、崇圣寺三塔，感受古城风情🏰🌊✨🏯💫Day3:去喜洲古镇体验白族文化，品尝地道美食👩‍🍳🍽🌸☀Day4:前往丽江古城，漫步古巷，欣赏纳西文化🏞🌸✨📚💫Day5:探访玉龙雪山，欣赏壮丽雪景，体验滑雪乐趣🏔❄🎬👤☀Day6:离开昆明，结束云南之旅！💕📷👋,✅第一次来云南，人生地不熟，住宿交通都是问题，建议跟个本地团，6天5晚4-12人纯玩小包团，适合第一次来的姐妹👭，一年四季都可以玩,✅了解详情、路线、报名、费💰，🉑直接戳我💬·快来一起探索云南的美丽风光吧！,#云南旅游#云南旅游攻略#云南#云南跟团游#云南纯玩小包团#云南美食#云南旅游避坑,https://www.xiaohongshu.com/explore/6486e19c00000000130171bf
云南小众旅游|神灵聚集之处|龙摩爷圣地,在云南有这么一个神秘的景点，它位于雨林深处，悬挂着3000多具牛头骨，佤族传说中神灵的办公场所——龙摩爷圣地。“龙摩爷”是佤语发音，“龙”是森林，“摩爷”水牛头，意为挂牛头的森林圣地。世居阿佤山上的佤族信奉万物有灵的自然崇拜，佤族最崇拜的是“木依吉”神，把它视为是主宰万物和创造人间万物的最高神灵。佤族所进行的如拉木鼓、牛头祭祀，包括过去的猎人头祭等较大的宗教活动，都是为了祭祀它而举行。在每个佤族村寨附近，都会有一片原始森林作为神林，里面通常有牛头群落、牛头桩、“人头桩”，还有古老的祭祀朝拜台。部分地区如翁丁、南撒、班洪等地的神林仍为禁忌场所，勐梭龙潭内的龙摩爷圣地成为了开放的风景区。直到建国初期，佤族还在用人头祭祀，后来国家建议改用其他动物，慢慢的改为用牛头祭祀。从勐梭龙潭北门进入景区，沿着湖边一路西行就到了龙摩爷圣地入口，沿着两边有牛头的石台阶上山，看到MIND YOUR HEAD牌子后继续往前10分钟就到了圣地中心。对少数民族民俗文化感兴趣的探秘者前往不要错过这里。进入圣地之后，要保持敬畏之心，不要大声喧哗，不要擅闯未开放的区域或森林深处，不要触摸牛头骨和木桩，如遇当地活动，摄影摄像时请尊重佤族同胞的习俗。沿着圣水溪流可以下山到湖边，不用原路返回。,,,当地的住宿：熙康云舍很有特色，价格也不低。个人推荐龙潭大酒店，性价比合适。,前往西盟的交通：自驾的话从昆明出发走昆磨高速到普洱转入思澜高速，到澜沧后走一段214国道转入S320。全程近600公里开8个小时，建议在普洱玩几天再往西走。公共交通可选择先坐高铁到普洱，然后在普洱思茅汽车客运站坐大巴车，4个半小时到西盟。,,,,,,,,#富士相机#沿途的风景#云南旅游#小众旅行地#旅游攻略#阿佤人民唱新歌#西盟旅游#小众景点#少数民族文化,https://www.xiaohongshu.com/explore/6486b316000000000800db2b
昆明周边游|宝藏温泉度假酒店,,,,🏨【宝藏温泉度假酒店】昆明云雲屿汐，适合亲子、康养、团建！🏊‍♀️📍地址：云南省昆明市宜良县端家营888号🌟【酒店亮点】：1️⃣ 独立设计师设计，现代侘寂风，简约大气2️⃣ 网红无边温泉泳池，独立户外露天温泉泡池，独立私汤泡池，均取用深层硫磺温泉水，康养效果极佳3️⃣ 超大户外露营地，火锅、烧烤、围炉煮茶，活动丰富4️⃣ 绝佳日落观赏点，无论是房间超大玻璃窗、房间露台、无边泳池、露营地、湖心亭，都是绝佳日落观赏点5️⃣ 静谧茶空间，多样咖啡酒水吧，品一杯咖啡，沏一壶好茶，抚平旅途的疲惫6️⃣ 精致的围炉煮茶及下午茶，新鲜食材的露营风火锅烧烤，色香味俱全的定制桌餐，抚平您的心和胃,,,,,,,,,#昆明雲屿汐#昆明周边游#温泉酒店#亲子出游#康养休闲#团建活动#露营烧烤#日落观赏点,https://www.xiaohongshu.com/explore/6486bb6b000000001203d9eb
出发去芒市必打卡景点美食攻略都给你整理❗️,,,,🚏🚏交通：✈️直飞芒市🚌出行公交车,🏨住宿可以选择芒市广场附近,,🎯🎯值得去：勐焕大金塔、勐焕银塔、团结大街、树包塔、云南勐巴娜西大花园、上井坎村、芒市广场、菩提寺、新玩厂、西里夜市城、勐巴娜西美食城、百思特美食、芒市宏利综合市场、黑河老坡、孔雀湖生态旅游区、孔雀谷森林公园,,🍛🍡🍲当地美食分享篇：🔺赵大妈餐厅推荐：酸菜鱼、老卤牛肉凉片、烘臭豆腐🔺勐焕傣家推荐：手抓饭、香茅草排骨、菠萝饭🔺老挝手标奶咖推荐：老挝手标冰咖啡、手标绿奶、芒果冰沙🔺阿喝咖啡推荐：椰子拿铁、阿喝一号冷萃、阿芙佳朵,,,,#芒市#德宏芒市#芒市美食#芒市旅游#云南德宏芒市,https://www.xiaohongshu.com/explore/648683590000000013008dbb
西双版纳3天2晚 🔥居然才？｜保姆级攻略无坑,📌人生第一次旅游✈️,🔔：防晒、雨伞、驱蚊、充电宝，胸贴，,,,,,先去写真馆1⃣️春不晚写真工作室📷            📅1旧店叫左茶，到店先选服装，这家化妆是真好看！！我愿称之为“亚洲易容术”一套是纯欲一点 ，一套是气质一点 ，2⃣️曼贺纳古寨🎫0被称为古纳卡傣族文化园，千年古寨，当地有村民居住，注意避让3⃣️东南亚主题餐厅-猫檬李小璐用款餐厅-颜值巨高 拍照很出片🌟菜品也特别好吃，菠萝鲜虾炒饭一口不剩旋完了❤️还有椰子冻拿来拍照很可，味道也好极了，怀疑他们家之前是专搞甜品hh🍃面包咖喱与咖喱的混合，直击我的味蕾，无敌好吃！！蟹肉蛮多的，超大一只！4⃣️湄公河-星光夜市🌃🎫0🔺摊巨多，无敌大！！有很多卖傣服和纪念品以及影楼，真的很热闹🔸河边有游船-价格不等～¥60、80、120，也有20的假水果船，只拍照景洪大金塔特别壮观，拍照绝美5⃣️野象谷热带雨林💰60           📅2▪️大象学校🟡大象学校：升旗、射门、吹气球、选校花、吹口琴（会请观众互动）🔴选校花3位女，大象挑戴帽子，亲脖子，喂水果，送上纪念品礼物🎁🟤射门是接大象的足球，吹气球是比肺活量🌟免费剧场表演、索道，蝴蝶、蜥蜴、小鹿、蛇等参观。还有和大象一起散步需另消费6⃣️曼景古寨有向导带着参观，科普了民族文化，有售卖特产首饰水果，无强制消费！！7⃣️原始森林公园💰45        8:00-18:00📣园比较大，建议买电动车票，（1）孔雀表演（2）九龙飞瀑布（3）丛林飞跃，胆大冲。高空栈道，攀爬、桥等（玩之前会有热身徒步）分ab段，难易程度不一样🔎不要穿裙子，拖鞋8⃣️最后曼阁水果市场，和按摩店按来个放松9⃣️曼听公园·总佛寺         📅3曾经傣族王妃御花园，很大好看，会有绿植和类似泰式建筑，很出片，两个地方挨着，不用再买票1⃣️0⃣️澜沧江-湄公河快艇140💰✅有钱不入金三角，落难必闯湄公河快艇全程20多分钟，速度偏快，体验感还不错,,,,,,#西双版纳旅游攻略#西双版纳游玩攻略#西双版纳旅游#云南旅游#西双版纳拍照#西双版纳美食#西双版纳旅游打卡,https://www.xiaohongshu.com/explore/6488738100000000130172da
昆明周边溜娃，挖化石的一处宝藏地,📍位置在大墨雨村，后山的山顶处：沿着村委会斜对面的民俗广场旁（公厕旁）的一道山路，上行大概800米左右即可到达化石的“挖掘场”。上山路上的石头就不要去研究了，岩层结构还达不到形成化石的标准，就一直往前冲就好🐎。在山顶也看到了不少专程过来敲化石的朋友，背着大罗框。小山头还是有些陡峭，建议小朋友有必要的户外穿戴，敲石头的工具🔨⛏🔨(榔头啊，锤子啊，小铲子啊)还是一定要准备好，要不然徒手掰实在是费手。岩土很脆，纹路大多数很清晰，化石的沁印很容易分辨。只是像完整品相的三叶虫啥的很难发现，还是需要细心+提前做些化石功课的加持，我们基本都是发现了些小的贝类，小的三叶虫什么的。基本上敲敲打打一个小时左右，总能有些自己的收获。山下有个便利店，里面有很专业的老师可以带队指导小朋友挖化石，费用100/1位小朋友，父母免费，但是发现完整的品相好的化石，依然需要一定的运气。通过便利店的老师得知，这里的化石种类还是很丰富，像是完整的鱼虾化石🐟🦐都有过发现。来这的行程都很简单，村子里供应简餐的文艺小店🍴很多，随便在村子巷道里吃吃逛逛，然后上山挖呀挖，时间充裕的话，可以继续去水库旁边走走，一天很容易就打发了，而且寓教于乐。,,,,,,,,,,,,#想记录下此刻#这个模板有点东西#亲子时光#亲子#昆明周边游#昆明周边溜娃#溜娃#昆明周末去哪儿#昆明周边#挖化石#大墨雨村#云南游#遛娃好去处,https://www.xiaohongshu.com/explore/6485fd2c0000000013002ed6
普者黑实用攻略,第一次知道普者黑是在《爸爸去哪儿》，第二次就是《三生三世十里桃花》，感原来这里这么美，普者黑是彝语“盛满鱼虾的池塘”🐡🦐这里的风景介于桂林山水和万峰林之间，又有自己的高辨识度，宛如仙境⛰️地点：普者黑景区🚞地址：云南文山州丘北县双龙营镇普者黑💲门票：0元🕰️营业时间：全天24小时🅿️停车：普者黑村路边或客栈停车场，都可以免费停车,🔑TIPS：1.建议游玩1-2天2.住宿可选择普者黑村和仙人洞，普者黑村是个普通的村子，没啥玩的沿街都是普通民房；仙人洞村的几条街又开发得过度又俗套，清一色的木质沿街店铺晚上灯光通明，除了吃饭也没啥看头3.电动车租一天80元，一小时15元🛵马车每段路程5元/人，观光车票含在各景区要具体看；柳叶小舟230元一人4.下午18:30后青龙山不需要票，车可以开到里面的停车场，白天要停好远；晚上19:30以后仙人洞路口老大爷下班闸口开发，车子就可以开进去,,"🍄朴里全湖景精品客栈：位于普者黑村，房间大阳台180°湖景，躺在房间就可以看普者黑的山水
🌿",,,🏡必打卡景点：⛰️青龙山：普者黑居高点，山顶高出湖面只有100米，坡陡爬上去20分钟，四个观景台看普者黑全貌，看日落最合适🛶柳叶小舟：不要觉得在其他地方坐过船就忽略这里，柳叶小舟真的是yyds，这条水上路线经过整个普者黑最精华的风景，全程1小时，非常值得🏮仙人洞村：开发成熟，虽然商业化严重且俗套，但是餐馆集中，吃饭还是不错的🕸️落水洞：看日落🍰路线：一日游可选择先坐柳叶小舟全程再乘坐观光车回到青龙山，爬青龙山看日落🌇晚上去仙人洞吃饭🍚📷最佳拍照点⛰️青龙山：四个观影台都可以，拍普者黑全貌🛶柳叶小舟：从小船上拍喀斯特地貌超级出片,,🥬店铺推荐：🍁 食味鲜食府：仙人洞村150号，荷花鱼很好吃，老板娘热情真诚,,,,#周末去哪儿#云南#旅游攻略#云南旅游攻略#云南旅游#治愈系风景#旅途中的美景#自然风光分享#我拍到的治愈画面#普者黑#普者黑攻略#小众旅行地#旅游人成长计划#文山#昆明周边游#爸爸去哪儿#三生三世十里桃花#稻田拍照#喀斯特地貌,https://www.xiaohongshu.com/explore/6487129b000000000800e8fd
来了云南第二天就后悔了,,,⭕关于准备衣服:不用准备太多👛几套衣服就行，也不用提前看怎么穿搭（我们就吃亏拖了两大行李箱，准备的衣服都没用上）到了之后古城里边好多衣服👗好看样式还多，不管玩丽江大理泸沽湖，都很应景！怎么拍怎么好看，吊带20💰几块就能买，仙仙裙60～80，还有各种小饰品10💰左右！早晚温差大，准备一件厚点外套🧥就行！⭕关于穿搭:浅色衣服搭配披肩（25💰）是万能搭配，不管在哪拍照都很好看！（白色蓝色为主）喜欢租民族服饰的古城80💰一天！,,,,⭕关于景点：不要盲目玩，有些地方没必要打卡！✅丽江蓝月谷，这是我认为拍照最出片的😍雪山底下的蓝宝石～再一个就是云杉坪，典型的国内小瑞士！什么风格拍出来都好看～现在草没长全，6.7月份来的话更好看！都给我冲～✅大理的双廊，完全没必要盯着玻璃球天空之镜，好多网红咖啡馆装饰的都很好看！品下下午茶🏖吹吹海风～惬意！5点左右洱海波光粼粼的！真是入画般的美！喜洲古镇，去有风的同款小镇，风吹麦浪感受下风的形状！方眼望去都是绿色☘租个10💰气球🎈你就是童话世界里的主角！龙龛码头～才村也是很美的～总之洱海真的是让人迷恋的！,,,,⭕关于报团：个人建议，去云南还是报个团轻松些！景点分散交通复杂确实让人头大，再说女孩子来玩，安全重要！我们走的小团，还挺自在的，600~900酒店住的很舒服～,,,https://www.xiaohongshu.com/explore/648bc79600000000270004e8
6-8月📣旺季去西双版纳的看看吧‼️‼️,计划要去西双版纳的姐妹👭们，过来人的建议好好看看吧，西双版纳景点一定要看好攻略再去玩，不要再当大冤种了‼️记得存下来哦,,,,"🎈景点公交🎈1路:途径民族风情园新、旧大门、机场门外2路:途径客运站、热带花卉园、药用植物园3路环线:途径景洪客运站、版纳客运站、集贸市场、曼听公园4路:途径动大佛寺、民族购物商场、孔雀湖等站5路:途径动腊南路、景洪港口8路专线:为旅游公交专线,每天早上8点分别由花卉园和原始森林公园双向发车",,,,🌸版纳美食推荐🌸🟡香茅草烤鱼:佐料放进鱼腹，用香茅草叶捆好烧烤🟡春鸡脚: 酸辣劲爽，美味可口🟡菌味火锅:到了云南必吃的菌菇，非常新鲜🟡包烧:用芭蕉叶，把食物包好，在炭火塘中烤熟🟡傣味烧鸡:傣味烧鸡喜欢加入柠檬和椰蓉🟡竹筒饭:竹简饭云南少数民族常吃的一种美食,🏖️4日经典线路🏖️✅Day1:版纳接机站—星光夜市—大金塔✅Day2:野象谷—原始森林公园✅Day3:大佛寺—般若寺—傣族村寨✅Day4:曼听公园—返程车-🔆5日经典线路🔆✅Day1:各地—版纳接机/站—星光夜市大金塔✅Day2:野象谷—原始森林公园✅Day3:中科院植物园—傣家村寨✅Day4:南糯山—曼听公园—般若寺✅Day5:睡到自然醒—送机/站—返程,"⚠️:西双版纳地区之间离得很远交通不便，多靠包车,在不熟悉地形或者线路的情况下不建议贸然自驾。❤️建议找一个靠谱当地团,是初来西双版纳,省心划算的游玩方式",,#旅游攻略#旅游#西双版纳#西双版纳游玩攻略#西双版纳旅游,https://www.xiaohongshu.com/explore/6488716d00000000270034a3
萤火虫季｜玩中科院植物园必住雨林秘境酒店,🔻这次的西双版纳之行安排了东线的中科院植物园跟基诺山徒步，正好能去打卡种草已久的西双版纳安纳塔拉酒店。安纳塔拉酒店源自泰国🇹🇭，在中国除了贵阳有一家，另一家就在版纳，是版纳的老牌五星级酒店了。因为我很喜欢远离闹市区、藏匿在风景中的遗世酒店，有种逃离喧嚣，躲进秘境的度假氛围。酒店是泰式风格建筑，房间都建在茂密的热带植物之中，整个酒店被雨林环绕。入住的房间有一个临河的巨大露台，推开阳台门满眼都是绿色的热带植物。酒店虽老但设施一点也不显旧，客房服务也很贴心，每天开夜床，服务人员态度都很好🤵‍♂️除了茂密的园林，酒店的无边泳池超好拍🏊，湛蓝的池畔种满了热带植物，还有香香的🐔🥚花，泳池面对着罗梭江，一边游一边看美景很惬意入住的时候记得看看酒店的活动，很多活动需要提前一天预约，我们参加了傣纸活动，拿着小篮子去园子里摘一些好看的叶子🍃，再制作成傣纸画，体验感十足～这段时间是中科院植物园的萤火虫爆发期，一定要去夜游植物园看浪漫萤火虫～中科院植物园的大门跟酒店的后门相连，让酒店高尔夫球车送到后门，走过去很方便～p13夜游植物园看了很多小动物p14-15中科院植物园,,,🏨西双版纳安纳塔拉度假酒店📍地址：云南省西双版纳傣族自治州勐腊县傣族自治州勐腊县勐仑镇,🚗交通：酒店紧邻中科院植物园，离景洪60km，比较适合安排2晚时间，自驾过来悠闲享受假期。路上会经过基诺山，最近很火的原始雨林徒步路线，喜欢户外的很值得安排上,,🏞️周边景点：中科院植物园基诺山徒步勐远仙境,,🍴美食🥘湄公餐厅是粤菜与版纳特色美食结合的中餐厅，吃了一次晚餐，菜品都很合口味。可以试试烤🐔，超级酥脆香浓。香茅烤罗非鱼也是我很喜欢的，酱汁有惊艳到🍲曼飞龙餐厅是自助餐厅，也是早餐厅。安纳塔拉的早餐品质是超过其他版纳我去过的五星级酒店的，非常精致，特别是水果，有巨大的蓝莓，还吃上了今年的第1⃣️口杨梅，简直感人，☕️口感也很不错，每天期待早餐时间☕️大堂吧是咖啡茶水畅饮的，环境很泰式，别忘了去喝上一杯，度过美好的下午茶时光🍢靠近后门步行几百米有家叫岩罕留的烧烤店超好吃又便宜，如果不想在酒店里吃可以试试,,,,#一张照片高级感#小红书旅行月历#去山里过夏天#西双版纳旅游攻略#中科院植物园#西双版纳酒店,https://www.xiaohongshu.com/explore/648716580000000011013653
6-8月大理旅游攻略！！🤳坚决不做冤大头,,🚗出行前准备①天气&穿搭：出发前前一定要记得查一下旅行几天的天气，根据天气来决定带哪些衣服②订酒店/机票：旺季来一定要提前至少2周订好，尤其是佳宿，好的酒店抢手，临时定还会涨价③证件：身份证、学生证/军官证等优惠证件④ 电器：手机＋充电器＋充电宝＋数据线、相机＋备用电池、自拍杆、耳机⑤ 洗护：护肤品、化妆品、洗面奶、牙刷、洗脸巾⑥其他：口罩、防蚊药、防晒用品、小风扇等,,💒住宿建议①大理古城：住在古城 吃佳行都方便，适合没有自驾的，但距离洱海边没那么近②洱海环线边：在双廊古镇住过，白族居民多，没有大理古城商业化。环线边很多名宿都挺不错，价格也不贵，海景房，面向洱海。双廊古镇：有杨丽萍的太阳宫，南诏风情岛。白族人巨多，一个不大不小的小岛镇，佳这很舒服。喜洲古镇：白族建筑群，秋天有一片金色的稻田，夏天是一片绿色的麦田。喜洲粑粑很有名！磻溪湾：看洱海喂海鸥的最佳地点，可骑自行车，路边咖啡厅很多，适合网红打卡大理古城：个人觉得还是有点商业化的，可选择住在古城，花半天慢慢逛三塔寺：汉传佛教第一寺，要门票，但值得一去苍山：需要门票，可坐索道理想邦：大理圣托里尼，网红打卡点,🚂出行准备：*可选择动车或者飞机到大理，想洱海环线玩，建议租车更方便。有条件的方便的还是建议自驾，能节约很多时间。,,,,关于吃🍜个人认为在大理吃不用特意去哪，路上遇到了就买来尝尝云南特色,,,,#云南#大理旅行#端午节#网红酒店#大理攻略#大理旅居#大理双廊#苍山洱海#大理#大理州民宿#大理石,https://www.xiaohongshu.com/explore/64873d5b000000001402483d